epoch,model_id,train_loss,val_loss,recon,kl,class,contrastive,beta,lr
1,0,29.036563873291016,30.027979850769043,27.106821298599243,1.0,1.605424091219902,0.5700266100466251,0.25,0.001
2,0,28.6117000579834,29.825411796569824,27.109210968017578,1.0,1.6004323959350586,0.25891246122773737,0.25,0.001
